{"sizes_mean": 1.1574174847992749, "sizes_std": 1.0052768242979306, "globals_mean": [5.370940091666901, 9.29125207177649, 4.567337849339505, 0.28437707896329817], "globals_std": [9.742545190156102, 2.7082046401601723, 1.196311864775526, 0.07405119946269365]}